{"cameraMode":{"drawMode":0,"name":"Shaded","section":"Shading Mode"},"sceneLighting":false,"audioPlay":false,"sceneViewState":{"showFog":true,"showMaterialUpdate":false,"showSkybox":false,"showFlares":true,"showImageEffects":true,"showParticleSystems":true},"in2DMode":false,"pivot":{"x":0.5697207450866699,"y":-12.166111946105957,"z":20.415847778320314},"rotation":{"x":-0.29564785957336428,"y":0.03351493924856186,"z":-0.010402063839137555,"w":-0.9547045826911926},"size":31.350839614868165,"orthographic":false}